Year,Predicted_Births
2025,1699.684340379435
2026,1714.0199470884381
2027,1667.1090245401338
2028,1638.7608244414325
2029,1931.348843378077
2030,1846.1069285678038
2031,1847.0024655089708
2032,1820.2818514193623
2033,2074.8305394313666
2034,2018.7377306421054
2035,1988.494189523214
